/*
Post-Deployment Script Template							
--------------------------------------------------------------------------------------
 This file contains SQL statements that will be appended to the build script.		
 Use SQLCMD syntax to include a file in the post-deployment script.			
 Example:      :r .\myfile.sql								
 Use SQLCMD syntax to reference a variable in the post-deployment script.		
 Example:      :setvar TableName MyTable							
               SELECT * FROM [$(TableName)]					
--------------------------------------------------------------------------------------
*/
ALTER DATABASE HDBDB SET ENABLE_BROKER

if not exists(select * from dbo.ASPNETUSERS)
begin
	INSERT INTO [dbo].[ASPNETUSERS] ([Id], [Email], [EmailConfirmed], [PasswordHash], [SecurityStamp], [PhoneNumber], [PhoneNumberConfirmed], [TwoFactorEnabled], [LockoutEndDateUtc], [LockoutEnabled], [AccessFailedCount], [UserName]) VALUES (N'9b870518-6095-4b8c-a966-f7f7c3d7b7ad', N'hdb@godbtech.com', 0, N'AE4sknuCvK6GAVPTHJR1Pql0//f0XuV5RrQBMh3KfQn9DDF/p1yMYL5isiJBz/ahbg==', N'b516eb3b-9ccb-4bbc-a588-a7be7eec3d88', NULL, 0, 0, NULL, 0, 0, N'hdb@godbtech.com')
end

if not exists (select * from dbo.FILESPEC)
begin
	SET IDENTITY_INSERT [dbo].[FILESPEC] ON
	INSERT INTO [dbo].[FILESPEC] ([Id], [DataItem], [NoOfBytes], [RowType], [SetA], [SetAPos], [SetB], [SetBPos], [SetC], [SetCPos], [SetD], [SetDPos], [SetE], [SetEPos], [SetF], [SetFPos], [SetG], [SetGPos], [SetH], [SetHPos], [SetI], [SetIPos], [SetJ], [SetJPos], [SetK], [SetKPos], [SetL], [SetLPos], [SetM], [SetMPos], [SetN], [SetNPos]) VALUES (1, N'HeaderIdentifier', 2, N'H', 1, 0, 1, 0, 1, 0, 1, 0, 1, 0, 1, 0, 1, 0, 1, 0, 1, 0, 1, 0, 1, 0, 1, 0, 1, 0, 1, 0)
	INSERT INTO [dbo].[FILESPEC] ([Id], [DataItem], [NoOfBytes], [RowType], [SetA], [SetAPos], [SetB], [SetBPos], [SetC], [SetCPos], [SetD], [SetDPos], [SetE], [SetEPos], [SetF], [SetFPos], [SetG], [SetGPos], [SetH], [SetHPos], [SetI], [SetIPos], [SetJ], [SetJPos], [SetK], [SetKPos], [SetL], [SetLPos], [SetM], [SetMPos], [SetN], [SetNPos]) VALUES (2, N'ProcessDate', 8, N'H', 1, 2, 1, 2, 1, 2, 1, 2, 1, 2, 1, 2, 1, 2, 1, 2, 1, 2, 1, 2, 1, 2, 1, 2, 1, 2, 1, 2)
	INSERT INTO [dbo].[FILESPEC] ([Id], [DataItem], [NoOfBytes], [RowType], [SetA], [SetAPos], [SetB], [SetBPos], [SetC], [SetCPos], [SetD], [SetDPos], [SetE], [SetEPos], [SetF], [SetFPos], [SetG], [SetGPos], [SetH], [SetHPos], [SetI], [SetIPos], [SetJ], [SetJPos], [SetK], [SetKPos], [SetL], [SetLPos], [SetM], [SetMPos], [SetN], [SetNPos]) VALUES (3, N'BranchCode', 8, N'R', 1, 0, 1, 0, 1, 11, 1, 0, 1, 0, 1, 0, 1, 11, 1, 0, 1, 0, 1, 0, 1, 0, 1, 0, 1, 11, 1, 11)
	INSERT INTO [dbo].[FILESPEC] ([Id], [DataItem], [NoOfBytes], [RowType], [SetA], [SetAPos], [SetB], [SetBPos], [SetC], [SetCPos], [SetD], [SetDPos], [SetE], [SetEPos], [SetF], [SetFPos], [SetG], [SetGPos], [SetH], [SetHPos], [SetI], [SetIPos], [SetJ], [SetJPos], [SetK], [SetKPos], [SetL], [SetLPos], [SetM], [SetMPos], [SetN], [SetNPos]) VALUES (4, N'HDBReferenceNo', 11, N'R', 1, 8, 1, 8, 1, 0, 1, 8, 1, 8, 1, 8, 1, 0, 1, 8, 1, 8, 1, 8, 1, 8, 1, 8, 1, 0, 1, 0)
	INSERT INTO [dbo].[FILESPEC] ([Id], [DataItem], [NoOfBytes], [RowType], [SetA], [SetAPos], [SetB], [SetBPos], [SetC], [SetCPos], [SetD], [SetDPos], [SetE], [SetEPos], [SetF], [SetFPos], [SetG], [SetGPos], [SetH], [SetHPos], [SetI], [SetIPos], [SetJ], [SetJPos], [SetK], [SetKPos], [SetL], [SetLPos], [SetM], [SetMPos], [SetN], [SetNPos]) VALUES (5, N'AddressBlk', 5, N'R', 1, 19, 1, 19, 1, 19, 1, 19, 1, 19, 1, 19, 1, 19, 1, 19, 1, 19, 1, 19, 1, 19, 1, 19, 1, 19, 1, 19)
	INSERT INTO [dbo].[FILESPEC] ([Id], [DataItem], [NoOfBytes], [RowType], [SetA], [SetAPos], [SetB], [SetBPos], [SetC], [SetCPos], [SetD], [SetDPos], [SetE], [SetEPos], [SetF], [SetFPos], [SetG], [SetGPos], [SetH], [SetHPos], [SetI], [SetIPos], [SetJ], [SetJPos], [SetK], [SetKPos], [SetL], [SetLPos], [SetM], [SetMPos], [SetN], [SetNPos]) VALUES (6, N'AddressLevel', 2, N'R', 1, 24, 1, 24, 1, 24, 1, 24, 1, 24, 1, 24, 1, 24, 1, 24, 1, 24, 1, 24, 1, 24, 1, 24, 1, 24, 1, 24)
	INSERT INTO [dbo].[FILESPEC] ([Id], [DataItem], [NoOfBytes], [RowType], [SetA], [SetAPos], [SetB], [SetBPos], [SetC], [SetCPos], [SetD], [SetDPos], [SetE], [SetEPos], [SetF], [SetFPos], [SetG], [SetGPos], [SetH], [SetHPos], [SetI], [SetIPos], [SetJ], [SetJPos], [SetK], [SetKPos], [SetL], [SetLPos], [SetM], [SetMPos], [SetN], [SetNPos]) VALUES (7, N'AddressUnit', 7, N'R', 1, 26, 1, 26, 1, 26, 1, 26, 1, 26, 1, 26, 1, 26, 1, 26, 1, 26, 1, 26, 1, 26, 1, 26, 1, 26, 1, 26)
	INSERT INTO [dbo].[FILESPEC] ([Id], [DataItem], [NoOfBytes], [RowType], [SetA], [SetAPos], [SetB], [SetBPos], [SetC], [SetCPos], [SetD], [SetDPos], [SetE], [SetEPos], [SetF], [SetFPos], [SetG], [SetGPos], [SetH], [SetHPos], [SetI], [SetIPos], [SetJ], [SetJPos], [SetK], [SetKPos], [SetL], [SetLPos], [SetM], [SetMPos], [SetN], [SetNPos]) VALUES (8, N'AddressStreetName', 65, N'R', 1, 33, 1, 33, 1, 33, 1, 33, 1, 33, 1, 33, 1, 33, 1, 33, 1, 33, 1, 33, 1, 33, 1, 33, 1, 33, 1, 33)
	INSERT INTO [dbo].[FILESPEC] ([Id], [DataItem], [NoOfBytes], [RowType], [SetA], [SetAPos], [SetB], [SetBPos], [SetC], [SetCPos], [SetD], [SetDPos], [SetE], [SetEPos], [SetF], [SetFPos], [SetG], [SetGPos], [SetH], [SetHPos], [SetI], [SetIPos], [SetJ], [SetJPos], [SetK], [SetKPos], [SetL], [SetLPos], [SetM], [SetMPos], [SetN], [SetNPos]) VALUES (9, N'AddressPostalCode', 6, N'R', 1, 98, 1, 98, 1, 98, 1, 98, 1, 98, 1, 98, 1, 98, 1, 98, 1, 98, 1, 98, 1, 98, 1, 98, 1, 98, 1, 98)
	INSERT INTO [dbo].[FILESPEC] ([Id], [DataItem], [NoOfBytes], [RowType], [SetA], [SetAPos], [SetB], [SetBPos], [SetC], [SetCPos], [SetD], [SetDPos], [SetE], [SetEPos], [SetF], [SetFPos], [SetG], [SetGPos], [SetH], [SetHPos], [SetI], [SetIPos], [SetJ], [SetJPos], [SetK], [SetKPos], [SetL], [SetLPos], [SetM], [SetMPos], [SetN], [SetNPos]) VALUES (10, N'FlatTypeClassification', 10, N'R', 1, 104, 1, 104, 1, 104, 1, 104, 1, 104, 1, 104, 1, 104, 1, 104, 1, 104, 1, 104, 1, 104, 1, 104, 1, 104, 1, 104)
	INSERT INTO [dbo].[FILESPEC] ([Id], [DataItem], [NoOfBytes], [RowType], [SetA], [SetAPos], [SetB], [SetBPos], [SetC], [SetCPos], [SetD], [SetDPos], [SetE], [SetEPos], [SetF], [SetFPos], [SetG], [SetGPos], [SetH], [SetHPos], [SetI], [SetIPos], [SetJ], [SetJPos], [SetK], [SetKPos], [SetL], [SetLPos], [SetM], [SetMPos], [SetN], [SetNPos]) VALUES (11, N'CompulsoryStatus', 1, N'R', 1, 114, 1, 114, 1, 114, 1, 114, 1, 114, 1, 114, 1, 114, 0, 114, 0, 114, 0, 114, 1, 114, 1, 114, 1, 114, 1, 114)
	INSERT INTO [dbo].[FILESPEC] ([Id], [DataItem], [NoOfBytes], [RowType], [SetA], [SetAPos], [SetB], [SetBPos], [SetC], [SetCPos], [SetD], [SetDPos], [SetE], [SetEPos], [SetF], [SetFPos], [SetG], [SetGPos], [SetH], [SetHPos], [SetI], [SetIPos], [SetJ], [SetJPos], [SetK], [SetKPos], [SetL], [SetLPos], [SetM], [SetMPos], [SetN], [SetNPos]) VALUES (12, N'TransactionType', 1, N'R', 1, 115, 1, 115, 1, 115, 1, 115, 1, 115, 1, 115, 1, 115, 0, 115, 0, 115, 0, 115, 0, 115, 0, 115, 1, 115, 1, 115)
	INSERT INTO [dbo].[FILESPEC] ([Id], [DataItem], [NoOfBytes], [RowType], [SetA], [SetAPos], [SetB], [SetBPos], [SetC], [SetCPos], [SetD], [SetDPos], [SetE], [SetEPos], [SetF], [SetFPos], [SetG], [SetGPos], [SetH], [SetHPos], [SetI], [SetIPos], [SetJ], [SetJPos], [SetK], [SetKPos], [SetL], [SetLPos], [SetM], [SetMPos], [SetN], [SetNPos]) VALUES (13, N'InsuranceEffectiveDate', 8, N'R', 1, 116, 1, 116, 0, NULL, 1, 116, 0, 116, 0, 116, 0, NULL, 0, 116, 1, 116, 0, 116, 0, 116, 1, 116, 0, NULL, 0, NULL)
	INSERT INTO [dbo].[FILESPEC] ([Id], [DataItem], [NoOfBytes], [RowType], [SetA], [SetAPos], [SetB], [SetBPos], [SetC], [SetCPos], [SetD], [SetDPos], [SetE], [SetEPos], [SetF], [SetFPos], [SetG], [SetGPos], [SetH], [SetHPos], [SetI], [SetIPos], [SetJ], [SetJPos], [SetK], [SetKPos], [SetL], [SetLPos], [SetM], [SetMPos], [SetN], [SetNPos]) VALUES (14, N'InsuranceTerm', 2, N'R', 1, 124, 1, 124, 0, NULL, 1, 124, 0, 124, 0, 124, 0, NULL, 0, 124, 1, 124, 0, 124, 0, 124, 1, 124, 0, NULL, 0, NULL)
	INSERT INTO [dbo].[FILESPEC] ([Id], [DataItem], [NoOfBytes], [RowType], [SetA], [SetAPos], [SetB], [SetBPos], [SetC], [SetCPos], [SetD], [SetDPos], [SetE], [SetEPos], [SetF], [SetFPos], [SetG], [SetGPos], [SetH], [SetHPos], [SetI], [SetIPos], [SetJ], [SetJPos], [SetK], [SetKPos], [SetL], [SetLPos], [SetM], [SetMPos], [SetN], [SetNPos]) VALUES (15, N'NewInsuranceEffectiveDate', 8, N'R', 0, 126, 0, 126, 1, 116, 0, 126, 1, 126, 1, 126, 1, 116, 0, 126, 0, 126, 0, 126, 0, 126, 0, 126, 1, 116, 1, 116)
	INSERT INTO [dbo].[FILESPEC] ([Id], [DataItem], [NoOfBytes], [RowType], [SetA], [SetAPos], [SetB], [SetBPos], [SetC], [SetCPos], [SetD], [SetDPos], [SetE], [SetEPos], [SetF], [SetFPos], [SetG], [SetGPos], [SetH], [SetHPos], [SetI], [SetIPos], [SetJ], [SetJPos], [SetK], [SetKPos], [SetL], [SetLPos], [SetM], [SetMPos], [SetN], [SetNPos]) VALUES (16, N'NewInsuranceTerm', 2, N'R', 0, 134, 0, 134, 1, 124, 0, 134, 1, 134, 1, 134, 1, 124, 0, 134, 0, 134, 0, 134, 0, 134, 0, 134, 1, 124, 1, 124)
	INSERT INTO [dbo].[FILESPEC] ([Id], [DataItem], [NoOfBytes], [RowType], [SetA], [SetAPos], [SetB], [SetBPos], [SetC], [SetCPos], [SetD], [SetDPos], [SetE], [SetEPos], [SetF], [SetFPos], [SetG], [SetGPos], [SetH], [SetHPos], [SetI], [SetIPos], [SetJ], [SetJPos], [SetK], [SetKPos], [SetL], [SetLPos], [SetM], [SetMPos], [SetN], [SetNPos]) VALUES (17, N'PremiumAmount', 5, N'R', 0, 136, 0, 136, 1, 126, 0, 136, 1, 136, 1, 136, 1, 126, 0, 136, 0, 136, 0, 136, 0, 136, 0, 136, 1, 126, 1, 126)
	INSERT INTO [dbo].[FILESPEC] ([Id], [DataItem], [NoOfBytes], [RowType], [SetA], [SetAPos], [SetB], [SetBPos], [SetC], [SetCPos], [SetD], [SetDPos], [SetE], [SetEPos], [SetF], [SetFPos], [SetG], [SetGPos], [SetH], [SetHPos], [SetI], [SetIPos], [SetJ], [SetJPos], [SetK], [SetKPos], [SetL], [SetLPos], [SetM], [SetMPos], [SetN], [SetNPos]) VALUES (18, N'PremiumAmountGST', 4, N'R', 0, 141, 0, 141, 1, 131, 0, 141, 1, 141, 1, 141, 1, 131, 0, 141, 0, 141, 0, 141, 0, 141, 0, 141, 1, 131, 1, 131)
	INSERT INTO [dbo].[FILESPEC] ([Id], [DataItem], [NoOfBytes], [RowType], [SetA], [SetAPos], [SetB], [SetBPos], [SetC], [SetCPos], [SetD], [SetDPos], [SetE], [SetEPos], [SetF], [SetFPos], [SetG], [SetGPos], [SetH], [SetHPos], [SetI], [SetIPos], [SetJ], [SetJPos], [SetK], [SetKPos], [SetL], [SetLPos], [SetM], [SetMPos], [SetN], [SetNPos]) VALUES (19, N'SendDateToInsurer', 8, N'R', 1, 145, 1, 145, 1, 135, 1, 145, 1, 145, 1, 145, 0, 135, 0, 145, 0, 145, 0, 145, 0, 145, 0, 145, 0, 135, 0, 135)
	INSERT INTO [dbo].[FILESPEC] ([Id], [DataItem], [NoOfBytes], [RowType], [SetA], [SetAPos], [SetB], [SetBPos], [SetC], [SetCPos], [SetD], [SetDPos], [SetE], [SetEPos], [SetF], [SetFPos], [SetG], [SetGPos], [SetH], [SetHPos], [SetI], [SetIPos], [SetJ], [SetJPos], [SetK], [SetKPos], [SetL], [SetLPos], [SetM], [SetMPos], [SetN], [SetNPos]) VALUES (20, N'NameOfInsurer', 66, N'R', 1, 153, 1, 153, 1, 143, 1, 153, 1, 153, 1, 153, 1, 143, 0, 153, 0, 153, 0, 153, 0, 153, 0, 153, 1, 143, 1, 143)
	INSERT INTO [dbo].[FILESPEC] ([Id], [DataItem], [NoOfBytes], [RowType], [SetA], [SetAPos], [SetB], [SetBPos], [SetC], [SetCPos], [SetD], [SetDPos], [SetE], [SetEPos], [SetF], [SetFPos], [SetG], [SetGPos], [SetH], [SetHPos], [SetI], [SetIPos], [SetJ], [SetJPos], [SetK], [SetKPos], [SetL], [SetLPos], [SetM], [SetMPos], [SetN], [SetNPos]) VALUES (21, N'ReturnDateToHDB', 8, N'R', 0, NULL, 0, NULL, 1, 209, 0, NULL, 0, NULL, 0, NULL, 1, 209, 0, NULL, 0, NULL, 0, NULL, 0, NULL, 0, NULL, 0, 209, 0, 209)
	INSERT INTO [dbo].[FILESPEC] ([Id], [DataItem], [NoOfBytes], [RowType], [SetA], [SetAPos], [SetB], [SetBPos], [SetC], [SetCPos], [SetD], [SetDPos], [SetE], [SetEPos], [SetF], [SetFPos], [SetG], [SetGPos], [SetH], [SetHPos], [SetI], [SetIPos], [SetJ], [SetJPos], [SetK], [SetKPos], [SetL], [SetLPos], [SetM], [SetMPos], [SetN], [SetNPos]) VALUES (22, N'TrailerIdentifier', 2, N'T', 1, 0, 1, 0, 1, 0, 1, 0, 1, 0, 1, 0, 1, 0, 1, 0, 1, 0, 1, 0, 1, 0, 1, 0, 1, 0, 1, 0)
	INSERT INTO [dbo].[FILESPEC] ([Id], [DataItem], [NoOfBytes], [RowType], [SetA], [SetAPos], [SetB], [SetBPos], [SetC], [SetCPos], [SetD], [SetDPos], [SetE], [SetEPos], [SetF], [SetFPos], [SetG], [SetGPos], [SetH], [SetHPos], [SetI], [SetIPos], [SetJ], [SetJPos], [SetK], [SetKPos], [SetL], [SetLPos], [SetM], [SetMPos], [SetN], [SetNPos]) VALUES (23, N'TrailerNoOfCases', 8, N'T', 1, 2, 1, 2, 1, 2, 1, 2, 1, 2, 1, 2, 1, 2, 1, 2, 1, 2, 1, 2, 1, 2, 1, 2, 1, 2, 1, 2)
	INSERT INTO [dbo].[FILESPEC] ([Id], [DataItem], [NoOfBytes], [RowType], [SetA], [SetAPos], [SetB], [SetBPos], [SetC], [SetCPos], [SetD], [SetDPos], [SetE], [SetEPos], [SetF], [SetFPos], [SetG], [SetGPos], [SetH], [SetHPos], [SetI], [SetIPos], [SetJ], [SetJPos], [SetK], [SetKPos], [SetL], [SetLPos], [SetM], [SetMPos], [SetN], [SetNPos]) VALUES (24, N'TrailerProcessDate', 8, N'T', 1, 10, 1, 10, 1, 10, 1, 10, 1, 10, 1, 10, 1, 10, 1, 10, 1, 10, 1, 10, 1, 10, 1, 10, 1, 10, 1, 10)
	INSERT INTO [dbo].[FILESPEC] ([Id], [DataItem], [NoOfBytes], [RowType], [SetA], [SetAPos], [SetB], [SetBPos], [SetC], [SetCPos], [SetD], [SetDPos], [SetE], [SetEPos], [SetF], [SetFPos], [SetG], [SetGPos], [SetH], [SetHPos], [SetI], [SetIPos], [SetJ], [SetJPos], [SetK], [SetKPos], [SetL], [SetLPos], [SetM], [SetMPos], [SetN], [SetNPos]) VALUES (26, N'TrailerInsurerName', 66, N'T', 1, 18, 1, 18, 1, 18, 1, 18, 1, 18, 1, 18, 1, 18, 1, 18, 1, 18, 1, 18, 1, 18, 1, 18, 1, 18, 1, 18)
	SET IDENTITY_INSERT [dbo].[FILESPEC] OFF
end

if not exists(select * from dbo.HDBMASTER)
begin
	INSERT INTO [dbo].[HDBMASTER] ([HDBReferenceNo], [InsuranceEffectiveDate], [InsuranceTerm], [BranchCode], [AddressBlk], [AddressLevel], [AddressUnit], [AddressStreetName], [AddressPostalCode], [FlatTypeClassification], [CompulsoryStatus], [TransactionType], [PremiumAmount], [PremiumAmountGST], [SendDateToInsurer], [NameOfInsurer], [ReturnDateToHDB]) VALUES (N'88811166619', N'2014-06-03', 5, N'BAL', N'211', N'12', N'288', N'BSLESTIRE ROAD', N'600123', N'5', N'Y', NULL, NULL, NULL, NULL, NULL, NULL)
	INSERT INTO [dbo].[HDBMASTER] ([HDBReferenceNo], [InsuranceEffectiveDate], [InsuranceTerm], [BranchCode], [AddressBlk], [AddressLevel], [AddressUnit], [AddressStreetName], [AddressPostalCode], [FlatTypeClassification], [CompulsoryStatus], [TransactionType], [PremiumAmount], [PremiumAmountGST], [SendDateToInsurer], [NameOfInsurer], [ReturnDateToHDB]) VALUES (N'88822266613', N'2014-06-07', 5, N'CCK', N'002', N'10', N'225', N'CHOA CHU KANG AVENUE 3', N'620714', N'2', N'Y', NULL, NULL, NULL, NULL, NULL, NULL)
	INSERT INTO [dbo].[HDBMASTER] ([HDBReferenceNo], [InsuranceEffectiveDate], [InsuranceTerm], [BranchCode], [AddressBlk], [AddressLevel], [AddressUnit], [AddressStreetName], [AddressPostalCode], [FlatTypeClassification], [CompulsoryStatus], [TransactionType], [PremiumAmount], [PremiumAmountGST], [SendDateToInsurer], [NameOfInsurer], [ReturnDateToHDB]) VALUES (N'88822266614', N'2014-06-08', 5, N'PAS', N'761', N'05', N'244', N'PASIR RIS STEET 5', N'480224', N'3', N'Y', NULL, NULL, NULL, NULL, NULL, NULL)
	INSERT INTO [dbo].[HDBMASTER] ([HDBReferenceNo], [InsuranceEffectiveDate], [InsuranceTerm], [BranchCode], [AddressBlk], [AddressLevel], [AddressUnit], [AddressStreetName], [AddressPostalCode], [FlatTypeClassification], [CompulsoryStatus], [TransactionType], [PremiumAmount], [PremiumAmountGST], [SendDateToInsurer], [NameOfInsurer], [ReturnDateToHDB]) VALUES (N'88833366618', N'2014-06-04', 5, N'YIS', N'680', N'11', N'14', N'YISHUN RING ROAD', N'110854', N'4', N'Y', NULL, NULL, NULL, NULL, NULL, NULL)
	INSERT INTO [dbo].[HDBMASTER] ([HDBReferenceNo], [InsuranceEffectiveDate], [InsuranceTerm], [BranchCode], [AddressBlk], [AddressLevel], [AddressUnit], [AddressStreetName], [AddressPostalCode], [FlatTypeClassification], [CompulsoryStatus], [TransactionType], [PremiumAmount], [PremiumAmountGST], [SendDateToInsurer], [NameOfInsurer], [ReturnDateToHDB]) VALUES (N'88866655512', N'2014-06-01', 5, N'BIS', N'015', N'06', N'185', N'BISHAN AVENUE 5', N'210015', N'1', N'Y', NULL, NULL, NULL, NULL, NULL, NULL)
	INSERT INTO [dbo].[HDBMASTER] ([HDBReferenceNo], [InsuranceEffectiveDate], [InsuranceTerm], [BranchCode], [AddressBlk], [AddressLevel], [AddressUnit], [AddressStreetName], [AddressPostalCode], [FlatTypeClassification], [CompulsoryStatus], [TransactionType], [PremiumAmount], [PremiumAmountGST], [SendDateToInsurer], [NameOfInsurer], [ReturnDateToHDB]) VALUES (N'88877733315', N'2014-06-24', 5, N'TAM', N'320', N'02', N'123', N'TAMPINES AVENUE 7', N'580412', N'4', N'Y', NULL, NULL, NULL, NULL, NULL, NULL)
	INSERT INTO [dbo].[HDBMASTER] ([HDBReferenceNo], [InsuranceEffectiveDate], [InsuranceTerm], [BranchCode], [AddressBlk], [AddressLevel], [AddressUnit], [AddressStreetName], [AddressPostalCode], [FlatTypeClassification], [CompulsoryStatus], [TransactionType], [PremiumAmount], [PremiumAmountGST], [SendDateToInsurer], [NameOfInsurer], [ReturnDateToHDB]) VALUES (N'88877744416', N'2014-06-02', 5, N'AMK', N'766', N'07', N'03', N'ANG MO KIO AVENUE 5', N'980533', N'5', N'Y', NULL, NULL, NULL, NULL, NULL, NULL)
	INSERT INTO [dbo].[HDBMASTER] ([HDBReferenceNo], [InsuranceEffectiveDate], [InsuranceTerm], [BranchCode], [AddressBlk], [AddressLevel], [AddressUnit], [AddressStreetName], [AddressPostalCode], [FlatTypeClassification], [CompulsoryStatus], [TransactionType], [PremiumAmount], [PremiumAmountGST], [SendDateToInsurer], [NameOfInsurer], [ReturnDateToHDB]) VALUES (N'88877755517', N'2014-06-06', 5, N'WOO', N'765', N'09', N'275', N'WOODLAND CIRCLE', N'770911', N'3', N'Y', NULL, NULL, NULL, NULL, NULL, NULL)
	INSERT INTO [dbo].[HDBMASTER] ([HDBReferenceNo], [InsuranceEffectiveDate], [InsuranceTerm], [BranchCode], [AddressBlk], [AddressLevel], [AddressUnit], [AddressStreetName], [AddressPostalCode], [FlatTypeClassification], [CompulsoryStatus], [TransactionType], [PremiumAmount], [PremiumAmountGST], [SendDateToInsurer], [NameOfInsurer], [ReturnDateToHDB]) VALUES (N'88877766611', N'2014-06-06', 5, N'AMK', N'764', N'08', N'285', N'ANG MO KIO AVENUE 6', N'688764', N'E', N'Y', NULL, NULL, NULL, NULL, NULL, NULL)
	INSERT INTO [dbo].[HDBMASTER] ([HDBReferenceNo], [InsuranceEffectiveDate], [InsuranceTerm], [BranchCode], [AddressBlk], [AddressLevel], [AddressUnit], [AddressStreetName], [AddressPostalCode], [FlatTypeClassification], [CompulsoryStatus], [TransactionType], [PremiumAmount], [PremiumAmountGST], [SendDateToInsurer], [NameOfInsurer], [ReturnDateToHDB]) VALUES (N'88899966601', N'2014-06-06', 5, N'LIT', N'210', N'30', N'200', N'LITTLE INDIA', N'300888', N'E', N'Y', NULL, NULL, NULL, NULL, NULL, NULL)
	INSERT INTO [dbo].[HDBMASTER] ([HDBReferenceNo], [InsuranceEffectiveDate], [InsuranceTerm], [BranchCode], [AddressBlk], [AddressLevel], [AddressUnit], [AddressStreetName], [AddressPostalCode], [FlatTypeClassification], [CompulsoryStatus], [TransactionType], [PremiumAmount], [PremiumAmountGST], [SendDateToInsurer], [NameOfInsurer], [ReturnDateToHDB]) VALUES (N'88899966604', N'2019-06-27', 5, N'LIT', N'210', N'30', N'200', N'LITTLE INDIA', N'300888', N'E', N'Y', N'L', CAST(3.00 AS Decimal(7, 2)), CAST(0.21 AS Decimal(6, 2)), NULL, N'ECICS LIMITED', NULL)
end

if not exists(select * from dbo.HDBFLATPREMIUMS)
begin
	INSERT INTO [dbo].[HDBFLATPREMIUMS] ([HDBFlatType], [SumInsured], [PremiumAmount], [PremiumAmountGST], [PremiumTotalAmount]) VALUES (N'1-Room', CAST(29000.00 AS Decimal(10, 2)), CAST(1.00 AS Decimal(7, 2)), CAST(0.07 AS Decimal(2, 2)), CAST(1.07 AS Decimal(7, 2)))
	INSERT INTO [dbo].[HDBFLATPREMIUMS] ([HDBFlatType], [SumInsured], [PremiumAmount], [PremiumAmountGST], [PremiumTotalAmount]) VALUES (N'2-Room', CAST(48700.00 AS Decimal(10, 2)), CAST(1.00 AS Decimal(7, 2)), CAST(0.07 AS Decimal(2, 2)), CAST(1.07 AS Decimal(7, 2)))
	INSERT INTO [dbo].[HDBFLATPREMIUMS] ([HDBFlatType], [SumInsured], [PremiumAmount], [PremiumAmountGST], [PremiumTotalAmount]) VALUES (N'3-Room', CAST(60400.00 AS Decimal(10, 2)), CAST(3.00 AS Decimal(7, 2)), CAST(0.21 AS Decimal(2, 2)), CAST(3.21 AS Decimal(7, 2)))
	INSERT INTO [dbo].[HDBFLATPREMIUMS] ([HDBFlatType], [SumInsured], [PremiumAmount], [PremiumAmountGST], [PremiumTotalAmount]) VALUES (N'4-Room', CAST(82000.00 AS Decimal(10, 2)), CAST(3.00 AS Decimal(7, 2)), CAST(0.21 AS Decimal(2, 2)), CAST(3.21 AS Decimal(7, 2)))
	INSERT INTO [dbo].[HDBFLATPREMIUMS] ([HDBFlatType], [SumInsured], [PremiumAmount], [PremiumAmountGST], [PremiumTotalAmount]) VALUES (N'5-Room', CAST(97300.00 AS Decimal(10, 2)), CAST(3.00 AS Decimal(7, 2)), CAST(0.21 AS Decimal(2, 2)), CAST(3.21 AS Decimal(7, 2)))
	INSERT INTO [dbo].[HDBFLATPREMIUMS] ([HDBFlatType], [SumInsured], [PremiumAmount], [PremiumAmountGST], [PremiumTotalAmount]) VALUES (N'Exec / MG', CAST(106200.00 AS Decimal(10, 2)), CAST(3.00 AS Decimal(7, 2)), CAST(0.21 AS Decimal(2, 2)), CAST(3.21 AS Decimal(7, 2)))
	INSERT INTO [dbo].[HDBFLATPREMIUMS] ([HDBFlatType], [SumInsured], [PremiumAmount], [PremiumAmountGST], [PremiumTotalAmount]) VALUES (N'Studio A', CAST(48700.00 AS Decimal(10, 2)), CAST(1.00 AS Decimal(7, 2)), CAST(0.07 AS Decimal(2, 2)), CAST(1.07 AS Decimal(7, 2)))
	INSERT INTO [dbo].[HDBFLATPREMIUMS] ([HDBFlatType], [SumInsured], [PremiumAmount], [PremiumAmountGST], [PremiumTotalAmount]) VALUES (N'Studio B', CAST(48700.00 AS Decimal(10, 2)), CAST(1.00 AS Decimal(7, 2)), CAST(0.07 AS Decimal(2, 2)), CAST(1.07 AS Decimal(7, 2)))
end

if not exists(select * from dbo.HDBFLATTYPES)
begin
	INSERT INTO [dbo].[HDBFLATTYPES] ([FlatTypeClassification], [HDBFlatType]) VALUES (N'1', N'1-Room')
	INSERT INTO [dbo].[HDBFLATTYPES] ([FlatTypeClassification], [HDBFlatType]) VALUES (N'2', N'2-Room')
	INSERT INTO [dbo].[HDBFLATTYPES] ([FlatTypeClassification], [HDBFlatType]) VALUES (N'3', N'3-Room')
	INSERT INTO [dbo].[HDBFLATTYPES] ([FlatTypeClassification], [HDBFlatType]) VALUES (N'4', N'4-Room')
	INSERT INTO [dbo].[HDBFLATTYPES] ([FlatTypeClassification], [HDBFlatType]) VALUES (N'5', N'5-Room')
	INSERT INTO [dbo].[HDBFLATTYPES] ([FlatTypeClassification], [HDBFlatType]) VALUES (N'A', N'Studio A')
	INSERT INTO [dbo].[HDBFLATTYPES] ([FlatTypeClassification], [HDBFlatType]) VALUES (N'B', N'Studio B')
	INSERT INTO [dbo].[HDBFLATTYPES] ([FlatTypeClassification], [HDBFlatType]) VALUES (N'E', N'Exec / MG')
end

if not exists(select * from dbo.HCPLANPREMIUMS)
begin
	INSERT INTO [dbo].[HCPLANPREMIUMS] ([PlanName], [Section1], [FreeAddOnsToSection1], [Section2], [Section3], [TotalSumInsured], [Premium1YearAmount], [Premium1YearAmountGST], [Premium1YearAmountPerDay], [Premium5YearAmount], [Premium5YearAmountGST], [Premium5YearAmountPerDay]) VALUES (N'A', CAST(25000.00 AS Decimal(10, 2)), 0, 0, 0, CAST(25000.00 AS Decimal(10, 2)), CAST(28.74 AS Decimal(7, 2)), NULL, CAST(0.08 AS Decimal(6, 2)), CAST(110.56 AS Decimal(7, 2)), NULL, CAST(0.06 AS Decimal(6, 2)))
	INSERT INTO [dbo].[HCPLANPREMIUMS] ([PlanName], [Section1], [FreeAddOnsToSection1], [Section2], [Section3], [TotalSumInsured], [Premium1YearAmount], [Premium1YearAmountGST], [Premium1YearAmountPerDay], [Premium5YearAmount], [Premium5YearAmountGST], [Premium5YearAmountPerDay]) VALUES (N'B', CAST(50000.00 AS Decimal(10, 2)), 1, 1, 1, CAST(50000.00 AS Decimal(10, 2)), CAST(59.87 AS Decimal(7, 2)), NULL, CAST(0.16 AS Decimal(6, 2)), CAST(230.26 AS Decimal(7, 2)), NULL, CAST(0.13 AS Decimal(6, 2)))
	INSERT INTO [dbo].[HCPLANPREMIUMS] ([PlanName], [Section1], [FreeAddOnsToSection1], [Section2], [Section3], [TotalSumInsured], [Premium1YearAmount], [Premium1YearAmountGST], [Premium1YearAmountPerDay], [Premium5YearAmount], [Premium5YearAmountGST], [Premium5YearAmountPerDay]) VALUES (N'C', CAST(75000.00 AS Decimal(10, 2)), 1, 1, 1, CAST(75000.00 AS Decimal(10, 2)), CAST(87.14 AS Decimal(7, 2)), NULL, CAST(0.24 AS Decimal(6, 2)), CAST(335.17 AS Decimal(7, 2)), NULL, CAST(0.18 AS Decimal(6, 2)))
	INSERT INTO [dbo].[HCPLANPREMIUMS] ([PlanName], [Section1], [FreeAddOnsToSection1], [Section2], [Section3], [TotalSumInsured], [Premium1YearAmount], [Premium1YearAmountGST], [Premium1YearAmountPerDay], [Premium5YearAmount], [Premium5YearAmountGST], [Premium5YearAmountPerDay]) VALUES (N'D', CAST(100000.00 AS Decimal(10, 2)), 1, 1, 1, CAST(100000.00 AS Decimal(10, 2)), CAST(107.76 AS Decimal(7, 2)), NULL, CAST(0.30 AS Decimal(6, 2)), CAST(414.46 AS Decimal(7, 2)), NULL, CAST(0.23 AS Decimal(6, 2)))
	INSERT INTO [dbo].[HCPLANPREMIUMS] ([PlanName], [Section1], [FreeAddOnsToSection1], [Section2], [Section3], [TotalSumInsured], [Premium1YearAmount], [Premium1YearAmountGST], [Premium1YearAmountPerDay], [Premium5YearAmount], [Premium5YearAmountGST], [Premium5YearAmountPerDay]) VALUES (N'E', CAST(150000.00 AS Decimal(10, 2)), 1, 1, 1, CAST(150000.00 AS Decimal(10, 2)), CAST(154.46 AS Decimal(7, 2)), NULL, CAST(0.42 AS Decimal(6, 2)), CAST(594.06 AS Decimal(7, 2)), NULL, CAST(0.33 AS Decimal(6, 2)))
end

if not exists(select * from dbo.HCPLANRECOMMENDATIONS)
begin
	INSERT INTO [dbo].[HCPLANRECOMMENDATIONS] ([PlanName], [HDBFlatType]) VALUES (N'A', N'1-Room')
	INSERT INTO [dbo].[HCPLANRECOMMENDATIONS] ([PlanName], [HDBFlatType]) VALUES (N'B', N'2-Room')
	INSERT INTO [dbo].[HCPLANRECOMMENDATIONS] ([PlanName], [HDBFlatType]) VALUES (N'B', N'Studio A')
	INSERT INTO [dbo].[HCPLANRECOMMENDATIONS] ([PlanName], [HDBFlatType]) VALUES (N'B', N'Studio B')
	INSERT INTO [dbo].[HCPLANRECOMMENDATIONS] ([PlanName], [HDBFlatType]) VALUES (N'C', N'3-Room')
	INSERT INTO [dbo].[HCPLANRECOMMENDATIONS] ([PlanName], [HDBFlatType]) VALUES (N'D', N'4-Room')
	INSERT INTO [dbo].[HCPLANRECOMMENDATIONS] ([PlanName], [HDBFlatType]) VALUES (N'E', N'5-Room')
	INSERT INTO [dbo].[HCPLANRECOMMENDATIONS] ([PlanName], [HDBFlatType]) VALUES (N'E', N'Exec / MG')
end

if not exists(select * from dbo.SERIES)
begin
	SET IDENTITY_INSERT [dbo].[SERIES] ON
	INSERT INTO [dbo].[SERIES] ([Id], [Module], [Prefix], [CurrentYear], [CurrentNo]) VALUES (1, N'TransactionNo', N'TR', 2019, 0)
	INSERT INTO [dbo].[SERIES] ([Id], [Module], [Prefix], [CurrentYear], [CurrentNo]) VALUES (2, N'HDBPolicyNo', N'FIR', 2019, 0)
	INSERT INTO [dbo].[SERIES] ([Id], [Module], [Prefix], [CurrentYear], [CurrentNo]) VALUES (3, N'HCPolicyNo', N'HC', 2019, 0)
	INSERT INTO [dbo].[SERIES] ([Id], [Module], [Prefix], [CurrentYear], [CurrentNo]) VALUES (4, N'ReceiptNo', N'RCP', 2019, 0)
	INSERT INTO [dbo].[SERIES] ([Id], [Module], [Prefix], [CurrentYear], [CurrentNo]) VALUES (5, N'CertificateNo', N'CRT', 2019, 0)
	SET IDENTITY_INSERT [dbo].[SERIES] OFF

end

if not exists(select * from dbo.SETTINGS)
begin
	INSERT INTO [dbo].[SETTINGS] ([Setting], [Value]) VALUES (N'Production', N'True')
end